<?xml version="1.0" encoding="UTF-8"?>
<!DOCTYPE struts-config PUBLIC "-//Apache Software Foundation//DTD Struts 
Configuration 1.3//EN" "http://struts.apache.org/dtds/struts-config_1_3.dtd">
<struts-config>
	<form-beans>
		
		<form-bean name="danhSachRegionForm" type="form.DanhSachRegionForm" />
		<form-bean name="regionForm" type="form.RegionForm" />
	</form-beans>
	<action-mappings>
		
		<action input="/danhSachRegion.jsp" name="danhSachRegionForm"
			path="/danh-sach" scope="request" type="action.DanhSachRegionAction">
			<forward name="dsRegion" path="/danhSachRegion.jsp" />
		</action>
		 <action input="/AddRegion.jsp" name="regionForm"
			path="/themRegion" scope="request" type="action.AddRegion" validate="true">
			<forward name="themRegion" path="/AddRegion.jsp" />
			<forward name="themSVerror" path="/AddRegion.jsp" />
			<forward name="themRegionxong" path="/danh-sach.do" redirect="true"/>
		</action>
		 <action input="/UpdateRegion.jsp" name="regionForm"
			path="/updateRegion" scope="request" type="action.UpdateRegion" validate="true">
			<forward name="suaRegion" path="/UpdateRegion.jsp" />
			<forward name="suaSVerror" path="/UpdateRegion.jsp" />
			<forward name="suaRegionxong" path="/danh-sach.do" redirect="true" />
		</action>
		<!-- <action input="/dangNhap.jsp" name="sinhVienForm"
			path="/xoaSV" scope="request" type="action.XoaSinhVienAction">
			<forward name="xoaSV" path="/xoaSinhVien.jsp" />
			<forward name="xoaSVxong" path="/danh-sach.do" redirect="true"/>
		</action>  -->
	</action-mappings>
	<message-resources parameter="action.ApplicationResources" />
	
</struts-config>
